[
  {
    "question": "Inside which HTML element do we put the JavaScript??",
    "choice1": "script",
    "choice2": "<javascript>",
    "choice3": "<js>",
    "choice4": "<scripting>",
    "answer": 1
  },
  
  {
    "question": "Inside which HTML element do we put the JavaScript??",
    "choice1": "<script>",
    "choice2": "<javascript>",
    "choice3": "<js>",
    "choice4": "<scripting>",
    "answer": 1
  },
  
  {
    "question": "Inside which HTML element do we put the JavaScript??",
    "choice1": "<script>",
    "choice2": "<javascript>",
    "choice3": "<js>",
    "choice4": "<scripting>",
    "answer": 1
  }

 ] 